workload,config,runs,cycles_n,cycles_mean,cycles_std,cycles_ci95,mem_cycles_mean,arith_cycles_mean,hit_rate_mean,hit_rate_std,hit_rate_ci95,ipc_mean,ipc_std,ipc_ci95,prefetch_accuracy_mean,prefetch_accuracy_std,prefetch_accuracy_ci95,speedup_mean,speedup_std,speedup_ci95,speedup_min,speedup_max
agent_rag,baseline,6,6,17026.0,0.0,0.0,15026.0,0.0,0.8330000000000001,1.2161883888976234e-16,9.73153388072931e-17,0.1174674027957242,0.0,0.0,0.0,0.0,0.0,1.0,0.0,0.0,1.0,1.0
agent_rag,berti,6,6,7978.0,0.0,0.0,5978.0,0.0,0.949,0.0,0.0,0.25068939583855604,0.0,0.0,0.7002967359050444,1.2161883888976234e-16,9.73153388072931e-17,2.134118826773627,4.864753555590494e-16,3.892613552291724e-16,2.1341188267736273,2.1341188267736273
agent_rag,nextline,6,6,7939.0,0.0,0.0,5939.0,0.0,0.9495000000000001,1.2161883888976234e-16,9.73153388072931e-17,0.25192089683839275,0.0,0.0,0.7053571428571429,0.0,0.0,2.1446025947852374,0.0,0.0,2.1446025947852374,2.1446025947852374
agent_rag,nn,6,6,8712.5,67.17365555037183,53.750118883589465,6712.5,0.0,0.9395833333333333,0.0008612007121842388,0.0006891040882511345,0.22956664927238646,0.0017763157349250192,0.001421348609730111,0.7247480396985567,0.007418730048314967,0.005936220364889455,1.9543008852558257,0.015121775851416677,0.012099940714632428,1.9354325338183471,1.9793071378749127
agent_rag,stride,6,6,7939.0,0.0,0.0,5939.0,0.0,0.9495000000000001,1.2161883888976234e-16,9.73153388072931e-17,0.25192089683839275,0.0,0.0,0.7053571428571429,0.0,0.0,2.1446025947852374,0.0,0.0,2.1446025947852374,2.1446025947852374
embedding_lookup,baseline,6,6,17143.0,0.0,0.0,15143.0,0.0,0.8315,0.0,0.0,0.11666569445254622,0.0,0.0,0.0,0.0,0.0,1.0,0.0,0.0,1.0,1.0
embedding_lookup,berti,6,6,9031.0,0.0,0.0,7031.0,0.0,0.9355000000000001,1.2161883888976234e-16,9.73153388072931e-17,0.2214594175617318,3.0404709722440586e-17,2.4328834701823276e-17,0.6129032258064516,0.0,0.0,1.8982393976303842,0.0,0.0,1.8982393976303842,1.8982393976303842
embedding_lookup,nextline,6,6,8524.0,0.0,0.0,6524.0,0.0,0.9420000000000001,1.2161883888976234e-16,9.73153388072931e-17,0.23463162834350068,3.0404709722440586e-17,2.4328834701823276e-17,0.6666666666666666,0.0,0.0,2.0111450023463164,0.0,0.0,2.0111450023463164,2.0111450023463164
embedding_lookup,nn,6,6,10578.0,155.34864016141242,124.30480087269358,8578.0,0.0,0.9156666666666667,0.001991649232838619,0.0015936512932396597,0.18910520559800134,0.0027414791237304337,0.002193640164586425,0.6848919770395255,0.03423155802786988,0.027390951087793117,1.6209152697832685,0.023498588309055452,0.01880278667075257,1.5779639175257731,1.6489996152366295
embedding_lookup,stride,6,6,9109.0,0.0,0.0,7109.0,0.0,0.9345,0.0,0.0,0.21956306949171148,3.0404709722440586e-17,2.4328834701823276e-17,0.6052631578947368,0.0,0.0,1.881984850148205,0.0,0.0,1.881984850148205,1.881984850148205
kv_cache_append,baseline,6,6,65908.0,0.0,0.0,64325.0,0.0,0.00505369551484523,0.0,0.0,0.024018328579231658,0.0,0.0,0.0,0.0,0.0,1.0,0.0,0.0,1.0,1.0
kv_cache_append,berti,6,6,23866.0,0.0,0.0,22283.0,0.0,0.6860391661402402,1.2161883888976234e-16,9.73153388072931e-17,0.06632866839855862,0.0,0.0,0.6887755102040817,0.0,0.0,2.761585519148579,4.864753555590494e-16,3.892613552291724e-16,2.7615855191485794,2.7615855191485794
kv_cache_append,nextline,6,6,65908.0,0.0,0.0,64325.0,0.0,0.00505369551484523,0.0,0.0,0.024018328579231658,0.0,0.0,0.0025396825396825397,0.0,0.0,1.0,0.0,0.0,1.0,1.0
kv_cache_append,nn,6,6,49274.5,1399.3882592047141,1119.7438144504306,47691.5,0.0,0.27447883765003156,0.022666930029070304,0.018137321451486627,0.0321482275640994,0.0009331504925014959,0.0007466759028861252,0.6138643899344921,0.05380940894072922,0.043056494453410275,1.338487291405346,0.03885159991142679,0.03108775452142688,1.2990125549401816,1.4071780857014753
kv_cache_append,stride,6,6,33538.0,0.0,0.0,31955.0,0.0,0.5293746051800379,0.0,0.0,0.04720019082831415,0.0,0.0,0.6283987915407855,0.0,0.0,1.965173832667422,0.0,0.0,1.965173832667422,1.965173832667422
random_read,baseline,6,6,74083.0,0.0,0.0,72083.0,0.0,0.10150000000000002,1.5202354861220293e-17,1.2164417350911638e-17,0.026996746891999514,0.0,0.0,0.0,0.0,0.0,1.0,0.0,0.0,1.0,1.0
random_read,berti,6,6,75682.0,0.0,0.0,73682.0,0.0,0.081,0.0,0.0,0.026426362939668612,0.0,0.0,0.037211740041928724,0.0,0.0,0.9788721228297349,0.0,0.0,0.9788721228297349,0.9788721228297349
random_read,nextline,6,6,74356.0,0.0,0.0,72356.0,0.0,0.09799999999999999,1.5202354861220293e-17,1.2164417350911638e-17,0.026897627629243106,3.800588715305073e-18,3.0411043377279095e-18,0.055928411633109625,7.601177430610146e-18,6.082208675455819e-18,0.9963284738286083,0.0,0.0,0.9963284738286083,0.9963284738286083
random_read,nn,6,6,74083.0,0.0,0.0,72083.0,0.0,0.10150000000000002,1.5202354861220293e-17,1.2164417350911638e-17,0.026996746891999514,0.0,0.0,0.0,0.0,0.0,1.0,0.0,0.0,1.0,1.0
random_read,stride,6,6,75604.0,0.0,0.0,73604.0,0.0,0.082,0.0,0.0,0.026453626792233214,0.0,0.0,0.04075067024128686,0.0,0.0,0.9798820168245065,1.2161883888976234e-16,9.73153388072931e-17,0.9798820168245066,0.9798820168245066
sequential_read,baseline,6,6,13750.0,0.0,0.0,11750.0,0.0,0.875,0.0,0.0,0.14545454545454548,3.0404709722440586e-17,2.4328834701823276e-17,0.0,0.0,0.0,1.0,0.0,0.0,1.0,1.0
sequential_read,berti,6,6,4039.0,0.0,0.0,2039.0,0.0,0.9995000000000002,1.2161883888976234e-16,9.73153388072931e-17,0.49517207229512256,0.0,0.0,0.9960000000000001,1.2161883888976234e-16,9.73153388072931e-17,3.4043079970289676,0.0,0.0,3.4043079970289676,3.4043079970289676
sequential_read,nextline,6,6,4039.0,0.0,0.0,2039.0,0.0,0.9995000000000002,1.2161883888976234e-16,9.73153388072931e-17,0.49517207229512256,0.0,0.0,0.9960000000000001,1.2161883888976234e-16,9.73153388072931e-17,3.4043079970289676,0.0,0.0,3.4043079970289676,3.4043079970289676
sequential_read,nn,6,6,4143.0,20.139513400278567,16.114966956218062,2143.0,0.0,0.9981666666666668,0.00025819888974719,0.00020660214046435725,0.4827515106148057,0.0023540872922594614,0.0018836621408285536,0.9959568586478603,8.430158343601347e-06,6.745531554945246e-06,3.318916635476789,0.016184350134283865,0.012950177218196362,3.3084696823869106,3.3398105416565462
sequential_read,stride,6,6,4039.0,0.0,0.0,2039.0,0.0,0.9995000000000002,1.2161883888976234e-16,9.73153388072931e-17,0.49517207229512256,0.0,0.0,0.9960000000000001,1.2161883888976234e-16,9.73153388072931e-17,3.4043079970289676,0.0,0.0,3.4043079970289676,3.4043079970289676
token_stream,baseline,6,6,13750.0,0.0,0.0,11750.0,0.0,0.875,0.0,0.0,0.14545454545454548,3.0404709722440586e-17,2.4328834701823276e-17,0.0,0.0,0.0,1.0,0.0,0.0,1.0,1.0
token_stream,berti,6,6,4039.0,0.0,0.0,2039.0,0.0,0.9995000000000002,1.2161883888976234e-16,9.73153388072931e-17,0.49517207229512256,0.0,0.0,0.9960000000000001,1.2161883888976234e-16,9.73153388072931e-17,3.4043079970289676,0.0,0.0,3.4043079970289676,3.4043079970289676
token_stream,nextline,6,6,4039.0,0.0,0.0,2039.0,0.0,0.9995000000000002,1.2161883888976234e-16,9.73153388072931e-17,0.49517207229512256,0.0,0.0,0.9960000000000001,1.2161883888976234e-16,9.73153388072931e-17,3.4043079970289676,0.0,0.0,3.4043079970289676,3.4043079970289676
token_stream,nn,6,6,4247.0,47.23134552392087,37.7929474902395,2247.0,0.0,0.9968333333333335,0.0006055300708195111,0.0004845249678235935,0.47096916674325917,0.005235274720264337,0.004189092231126925,0.9959127230662004,2.0236746041119324e-05,1.619276927264309e-05,3.237913021359907,0.03599251370181712,0.028800009088997453,3.188775510204082,3.2777115613825982
token_stream,stride,6,6,4039.0,0.0,0.0,2039.0,0.0,0.9995000000000002,1.2161883888976234e-16,9.73153388072931e-17,0.49517207229512256,0.0,0.0,0.9960000000000001,1.2161883888976234e-16,9.73153388072931e-17,3.4043079970289676,0.0,0.0,3.4043079970289676,3.4043079970289676
