trace,candidate,control,candidate_ipc,control_ipc,ipc_speedup,candidate_cycles,control_cycles,candidate_prefetch_requested,control_prefetch_requested,prefetch_request_reduction,candidate_prefetch_issued,control_prefetch_issued,prefetch_issue_reduction,candidate_dram_read_requests,control_dram_read_requests,dram_read_request_reduction,candidate_l2c_prefetch_misses,control_l2c_prefetch_misses,candidate_llc_prefetch_misses,control_llc_prefetch_misses,useful_prefetch_delta
600.perlbench_s-210B.champsimtrace.xz,raw_stride,official_ip_stride,1.1079456304266866,1.1079456304266866,1.0,180514273,180514273,125506,125506,0.0,80175,80175,0.0,10557,10557,0.0,1273,1273,1258,1258,0
602.gcc_s-734B.champsimtrace.xz,raw_stride,official_ip_stride,0.8330870963966976,0.8330870963966976,1.0,240070942,240070942,38258639,38258639,0.0,11088388,11088388,0.0,1914945,1914945,0.0,1601028,1601028,1580510,1580510,0
603.bwaves_s-3699B.champsimtrace.xz,raw_stride,official_ip_stride,1.3820585513248518,1.3820585513248518,1.0,144711670,144711670,1012296,1012296,0.0,341301,341301,0.0,21084,21084,0.0,3368,3368,3368,3368,0
605.mcf_s-665B.champsimtrace.xz,raw_stride,official_ip_stride,0.42154429632759677,0.42154429632759677,1.0,474445990,474445990,10782358,10782358,0.0,8395986,8395986,0.0,2035125,2035125,0.0,1317997,1317997,1291407,1291407,0
607.cactuBSSN_s-2421B.champsimtrace.xz,raw_stride,official_ip_stride,0.7411725680530937,0.7411725680530937,1.0,269842692,269842692,1390,1390,0.0,1380,1380,0.0,1535445,1535445,0.0,26,26,26,26,0
619.lbm_s-4268B.champsimtrace.xz,raw_stride,official_ip_stride,0.43556583075661304,0.43556583075661304,1.0,459172848,459172848,46299,46299,0.0,7081,7081,0.0,9619049,9619049,0.0,3982,3982,3062,3062,0
620.omnetpp_s-874B.champsimtrace.xz,raw_stride,official_ip_stride,0.41235618534385227,0.41235618534385227,1.0,485017587,485017587,1529898,1529898,0.0,1149390,1149390,0.0,1991259,1991259,0.0,21740,21740,20686,20686,0
621.wrf_s-575B.champsimtrace.xz,raw_stride,official_ip_stride,1.0797958142838455,1.0797958142838455,1.0,185220204,185220204,25532,25532,0.0,4804,4804,0.0,5921,5921,0.0,764,764,764,764,0
623.xalancbmk_s-700B.champsimtrace.xz,raw_stride,official_ip_stride,0.824257792853526,0.824257792853526,1.0,242642537,242642537,4006031,4006031,0.0,656845,656845,0.0,250502,250502,0.0,26672,26672,10342,10342,0
625.x264_s-18B.champsimtrace.xz,raw_stride,official_ip_stride,1.4568401320115665,1.4568401320115665,1.0,137283425,137283425,11722728,11722728,0.0,340775,340775,0.0,112299,112299,0.0,3948,3948,3804,3804,0
627.cam4_s-573B.champsimtrace.xz,raw_stride,official_ip_stride,1.0994000079486619,1.0994000079486619,1.0,181917410,181917410,2127762,2127762,0.0,675023,675023,0.0,1032707,1032707,0.0,8899,8899,5942,5942,0
628.pop2_s-17B.champsimtrace.xz,raw_stride,official_ip_stride,1.1065955116907,1.1065955116907,1.0,180734514,180734514,3192643,3192643,0.0,306584,306584,0.0,671113,671113,0.0,17391,17391,12217,12217,0
631.deepsjeng_s-928B.champsimtrace.xz,raw_stride,official_ip_stride,0.951890076496028,0.951890076496028,1.0,210108295,210108295,1025511,1025511,0.0,577697,577697,0.0,88796,88796,0.0,896,896,260,260,0
638.imagick_s-10316B.champsimtrace.xz,raw_stride,official_ip_stride,2.703370764069764,2.703370764069764,1.0,73981713,73981713,6,6,0.0,6,6,0.0,7827,7827,0.0,3,3,3,3,0
641.leela_s-800B.champsimtrace.xz,raw_stride,official_ip_stride,0.9819626570012214,0.9819626570012214,1.0,203673734,203673734,4372972,4372972,0.0,2411840,2411840,0.0,63487,63487,0.0,4341,4341,3381,3381,0
644.nab_s-5853B.champsimtrace.xz,raw_stride,official_ip_stride,0.8456559714047184,0.8456559714047184,1.0,236502794,236502794,140828,140828,0.0,136724,136724,0.0,39039,39039,0.0,1203,1203,834,834,0
648.exchange2_s-1699B.champsimtrace.xz,raw_stride,official_ip_stride,1.179692660924957,1.179692660924957,1.0,169535683,169535683,66974424,66974424,0.0,1641562,1641562,0.0,8,8,0.0,3,3,3,3,0
649.fotonik3d_s-1176B.champsimtrace.xz,raw_stride,official_ip_stride,0.3612248903279703,0.3612248903279703,1.0,553671708,553671708,296,296,0.0,7,7,0.0,1777716,1777716,0.0,4,4,4,4,0
654.roms_s-842B.champsimtrace.xz,raw_stride,official_ip_stride,1.6125381760348576,1.6125381760348576,1.0,124028072,124028072,30957,30957,0.0,30957,30957,0.0,28640,28640,0.0,2,2,2,2,0
657.xz_s-3167B.champsimtrace.xz,raw_stride,official_ip_stride,1.1945096217002977,1.1945096217002977,1.0,167432725,167432725,1936405,1936405,0.0,705237,705237,0.0,210232,210232,0.0,7081,7081,1614,1614,0
600.perlbench_s-210B.champsimtrace.xz,raw_stride,no_l1d_prefetch,1.1079456304266866,1.10751033045489,1.000393043712394,180514273,180585223,125506,0,,80175,0,,10557,10026,-0.052962298025134746,1273,0,1258,0,716
602.gcc_s-734B.champsimtrace.xz,raw_stride,no_l1d_prefetch,0.8330870963966976,0.47158652903014814,1.766562539667962,240070942,424100333,38258639,0,,11088388,0,,1914945,1895706,-0.010148725593525532,1601028,0,1580510,0,1695049
603.bwaves_s-3699B.champsimtrace.xz,raw_stride,no_l1d_prefetch,1.3820585513248518,1.377445964361933,1.0033486518398966,144711670,145196259,1012296,0,,341301,0,,21084,21080,-0.00018975332068316142,3368,0,3368,0,3365
605.mcf_s-665B.champsimtrace.xz,raw_stride,no_l1d_prefetch,0.42154429632759677,0.31795834239269505,1.3257846708955594,474445990,629013227,10782358,0,,8395986,0,,2035125,2027670,-0.0036766337717675235,1317997,0,1291407,0,1320943
607.cactuBSSN_s-2421B.champsimtrace.xz,raw_stride,no_l1d_prefetch,0.7411725680530937,0.7410963609056257,1.0001028302815775,269842692,269870440,1390,0,,1380,0,,1535445,1535682,0.00015432882588972685,26,0,26,0,12
619.lbm_s-4268B.champsimtrace.xz,raw_stride,no_l1d_prefetch,0.43556583075661304,0.4355187953599079,1.000107998546116,459172848,459222438,46299,0,,7081,0,,9619049,9619048,-1.0396039185067707e-07,3982,0,3062,0,597
620.omnetpp_s-874B.champsimtrace.xz,raw_stride,no_l1d_prefetch,0.41235618534385227,0.4107151507463923,1.0039955540828667,485017587,486955501,1529898,0,,1149390,0,,1991259,1983886,-0.003716443384347734,21740,0,20686,0,16352
621.wrf_s-575B.champsimtrace.xz,raw_stride,no_l1d_prefetch,1.0797958142838455,1.0797995511953562,0.9999965392544324,185220204,185219563,25532,0,,4804,0,,5921,5523,-0.07206228499004164,764,0,764,0,366
623.xalancbmk_s-700B.champsimtrace.xz,raw_stride,no_l1d_prefetch,0.824257792853526,0.8215087467206038,1.0033463382391192,242642537,243454501,4006031,0,,656845,0,,250502,245895,-0.018735639195591514,26672,0,10342,0,37469
625.x264_s-18B.champsimtrace.xz,raw_stride,no_l1d_prefetch,1.4568401320115665,1.451080212389964,1.0039694012587463,137283425,137828358,11722728,0,,340775,0,,112299,112203,-0.0008555920964679053,3948,0,3804,0,4044
627.cam4_s-573B.champsimtrace.xz,raw_stride,no_l1d_prefetch,1.0994000079486619,1.0986571416023194,1.000676158483127,181917410,182040415,2127762,0,,675023,0,,1032707,1029959,-0.002668067369671956,8899,0,5942,0,11372
628.pop2_s-17B.champsimtrace.xz,raw_stride,no_l1d_prefetch,1.1065955116907,1.100774610131918,1.0052880049241728,180734514,181690239,3192643,0,,306584,0,,671113,669978,-0.00169408547743366,17391,0,12217,0,15650
631.deepsjeng_s-928B.champsimtrace.xz,raw_stride,no_l1d_prefetch,0.951890076496028,0.9523978826137995,0.9994668130546679,210108295,209996268,1025511,0,,577697,0,,88796,88630,-0.0018729549813831792,896,0,260,0,1045
638.imagick_s-10316B.champsimtrace.xz,raw_stride,no_l1d_prefetch,2.703370764069764,2.703370764069764,1.0,73981713,73981713,6,0,,6,0,,7827,7827,0.0,3,0,3,0,0
641.leela_s-800B.champsimtrace.xz,raw_stride,no_l1d_prefetch,0.9819626570012214,0.9815748776944212,1.0003950583043761,203673734,203754197,4372972,0,,2411840,0,,63487,62894,-0.009428562342989721,4341,0,3381,0,17409
644.nab_s-5853B.champsimtrace.xz,raw_stride,no_l1d_prefetch,0.8456559714047184,0.8459749520606087,0.9996229431437499,236502794,236413619,140828,0,,136724,0,,39039,38949,-0.0023107140106293222,1203,0,834,0,18714
648.exchange2_s-1699B.champsimtrace.xz,raw_stride,no_l1d_prefetch,1.179692660924957,1.180703492536853,0.9991438734463941,169535683,169390539,66974424,0,,1641562,0,,8,5,-0.6000000000000001,3,0,3,0,0
649.fotonik3d_s-1176B.champsimtrace.xz,raw_stride,no_l1d_prefetch,0.3612248903279703,0.3612113521778283,1.0000374798578737,553671708,553692454,296,0,,7,0,,1777716,1777716,0.0,4,0,4,0,4
654.roms_s-842B.champsimtrace.xz,raw_stride,no_l1d_prefetch,1.6125381760348576,1.6125381760348576,1.0,124028072,124028072,30957,0,,30957,0,,28640,28638,-6.983727913967286e-05,2,0,2,0,0
657.xz_s-3167B.champsimtrace.xz,raw_stride,no_l1d_prefetch,1.1945096217002977,1.1950010251316243,0.9995887840922375,167432725,167363874,1936405,0,,705237,0,,210232,208904,-0.006356986941370213,7081,0,1614,0,11801
600.perlbench_s-210B.champsimtrace.xz,regularity_stride,no_l1d_prefetch,1.1077497368471265,1.10751033045489,1.0002161662836484,180546195,180585223,37882,0,,7099,0,,10335,10026,-0.030819868342309986,684,0,681,0,372
602.gcc_s-734B.champsimtrace.xz,regularity_stride,no_l1d_prefetch,0.7966870312216423,0.47158652903014814,1.6893761424018767,251039613,424100333,23676795,0,,8932156,0,,1910733,1895706,-0.007926862076714336,1514858,0,1497872,0,1604121
603.bwaves_s-3699B.champsimtrace.xz,regularity_stride,no_l1d_prefetch,1.3784336584109496,1.377445964361933,1.0007170474011835,145092221,145196259,886535,0,,260503,0,,21082,21080,-9.487666034146969e-05,1102,0,1102,0,1100
605.mcf_s-665B.champsimtrace.xz,regularity_stride,no_l1d_prefetch,0.40922686708895933,0.31795834239269505,1.2870455419079487,488726472,629013227,7199570,0,,5910285,0,,2036101,2027670,-0.0041579744238460226,1200886,0,1187592,0,1189939
607.cactuBSSN_s-2421B.champsimtrace.xz,regularity_stride,no_l1d_prefetch,0.7410963609056257,0.7410963609056257,1.0,269870440,269870440,199,0,,199,0,,1535687,1535682,-3.2558824027972832e-06,5,0,5,0,0
619.lbm_s-4268B.champsimtrace.xz,regularity_stride,no_l1d_prefetch,0.43557344330796005,0.4355187953599079,1.0001254778177988,459164823,459222438,50942,0,,7014,0,,9619047,9619048,1.0396039196169937e-07,3999,0,3011,0,535
620.omnetpp_s-874B.champsimtrace.xz,regularity_stride,no_l1d_prefetch,0.41096423048744524,0.4107151507463923,1.0006064537444024,486660364,486955501,47178,0,,45928,0,,1984514,1983886,-0.0003165504469511138,2798,0,2602,0,2379
621.wrf_s-575B.champsimtrace.xz,regularity_stride,no_l1d_prefetch,1.0798090655704387,1.0797995511953562,1.000008811241931,185217931,185219563,16593,0,,2863,0,,5890,5523,-0.0664493934455912,692,0,692,0,325
623.xalancbmk_s-700B.champsimtrace.xz,regularity_stride,no_l1d_prefetch,0.8223148875154449,0.8215087467206038,1.000981293014906,243215835,243454501,3428427,0,,384479,0,,249042,245895,-0.012798145549929751,20665,0,6970,0,18306
625.x264_s-18B.champsimtrace.xz,regularity_stride,no_l1d_prefetch,1.456553061986921,1.451080212389964,1.003771569311074,137310482,137828358,9686022,0,,300064,0,,112270,112203,-0.0005971319839932487,3590,0,3474,0,3643
627.cam4_s-573B.champsimtrace.xz,regularity_stride,no_l1d_prefetch,1.0991251140040035,1.0986571416023194,1.000425949446796,181962908,182040415,493903,0,,155895,0,,1031350,1029959,-0.0013505391962205238,4717,0,2817,0,5785
628.pop2_s-17B.champsimtrace.xz,regularity_stride,no_l1d_prefetch,1.1024613817152769,1.100774610131918,1.0015323496452708,181412252,181690239,1782617,0,,37122,0,,670706,669978,-0.001086602843675566,6300,0,5485,0,6064
631.deepsjeng_s-928B.champsimtrace.xz,regularity_stride,no_l1d_prefetch,0.9522087841916926,0.9523978826137995,0.999801450186357,210037971,209996268,133134,0,,120123,0,,88734,88630,-0.0011734175786979328,482,0,143,0,316
638.imagick_s-10316B.champsimtrace.xz,regularity_stride,no_l1d_prefetch,2.703370764069764,2.703370764069764,1.0,73981713,73981713,0,0,,0,0,,7827,7827,0.0,0,0,0,0,0
641.leela_s-800B.champsimtrace.xz,regularity_stride,no_l1d_prefetch,0.9827093905075226,0.9815748776944212,1.0011558087303194,203518968,203754197,1171545,0,,871206,0,,63415,62894,-0.008283779056825757,3693,0,2869,0,12336
644.nab_s-5853B.champsimtrace.xz,regularity_stride,no_l1d_prefetch,0.8459749520606087,0.8459749520606087,1.0,236413619,236413619,21,0,,21,0,,38951,38949,-5.134920023630585e-05,4,0,2,0,0
648.exchange2_s-1699B.champsimtrace.xz,regularity_stride,no_l1d_prefetch,1.1797748798416987,1.180703492536853,0.9992135089791604,169523868,169390539,15631609,0,,1341219,0,,8,5,-0.6000000000000001,3,0,3,0,0
649.fotonik3d_s-1176B.champsimtrace.xz,regularity_stride,no_l1d_prefetch,0.36122263804706733,0.3612113521778283,1.0000312445031725,553675163,553692454,146,0,,3,0,,1777755,1777716,-2.1938262354526117e-05,3,0,3,0,3
654.roms_s-842B.champsimtrace.xz,regularity_stride,no_l1d_prefetch,1.6125381760348576,1.6125381760348576,1.0,124028072,124028072,30957,0,,30957,0,,28640,28638,-6.983727913967286e-05,2,0,2,0,0
657.xz_s-3167B.champsimtrace.xz,regularity_stride,no_l1d_prefetch,1.1952344389590488,1.1950010251316243,1.000195325211038,167331190,167363874,196066,0,,129685,0,,209410,208904,-0.0024221652050702147,3264,0,720,0,4969
600.perlbench_s-210B.champsimtrace.xz,regularity_stride,raw_stride,1.1077497368471265,1.1079456304266866,0.9998231920645018,180546195,180514273,37882,125506,0.6981658247414466,7099,80175,0.9114561895852822,10335,10557,0.021028701335606748,684,1273,681,1258,-344
602.gcc_s-734B.champsimtrace.xz,regularity_stride,raw_stride,0.7966870312216423,0.8330870963966976,0.9563070111966752,251039613,240070942,23676795,38258639,0.3811385972198331,8932156,11088388,0.19445856331867173,1910733,1914945,0.0021995409789837828,1514858,1601028,1497872,1580510,-90928
603.bwaves_s-3699B.champsimtrace.xz,regularity_stride,raw_stride,1.3784336584109496,1.3820585513248518,0.9973771784774044,145092221,144711670,886535,1012296,0.12423342579640739,260503,341301,0.23673531574768314,21082,21084,9.485866059566472e-05,1102,3368,1102,3368,-2265
605.mcf_s-665B.champsimtrace.xz,regularity_stride,raw_stride,0.40922686708895933,0.42154429632759677,0.9707802255991974,488726472,474445990,7199570,10782358,0.3322824191146315,5910285,8395986,0.29605825926817886,2036101,2035125,-0.00047957742153426075,1200886,1317997,1187592,1291407,-131004
607.cactuBSSN_s-2421B.champsimtrace.xz,regularity_stride,raw_stride,0.7410963609056257,0.7411725680530937,0.9998971802914021,269870440,269842692,199,1390,0.8568345323741007,199,1380,0.8557971014492753,1535687,1535445,-0.00015760903190931153,5,26,5,26,-12
619.lbm_s-4268B.champsimtrace.xz,regularity_stride,raw_stride,0.43557344330796005,0.43556583075661304,1.0000174773841506,459164823,459172848,50942,46299,-0.100282943476101,7014,7081,0.009461940403897806,9619047,9619049,2.0792076227404976e-07,3999,3982,3011,3062,-62
620.omnetpp_s-874B.champsimtrace.xz,regularity_stride,raw_stride,0.41096423048744524,0.41235618534385227,0.9966243871054188,486660364,485017587,47178,1529898,0.9691626500590236,45928,1149390,0.9600414132713875,1984514,1991259,0.0033873042130632136,2798,21740,2602,20686,-13973
621.wrf_s-575B.champsimtrace.xz,regularity_stride,raw_stride,1.0798090655704387,1.0797958142838455,1.000012272029969,185217931,185220204,16593,25532,0.3501096663011123,2863,4804,0.40403830141548713,5890,5921,0.005235602094240788,692,764,692,764,-41
623.xalancbmk_s-700B.champsimtrace.xz,regularity_stride,raw_stride,0.8223148875154449,0.824257792853526,0.9976428426216574,243215835,242642537,3428427,4006031,0.14418360716629497,384479,656845,0.41465794822218327,249042,250502,0.005828296780065578,20665,26672,6970,10342,-19163
625.x264_s-18B.champsimtrace.xz,regularity_stride,raw_stride,1.456553061986921,1.4568401320115665,0.9998029502219649,137310482,137283425,9686022,11722728,0.1737399349366462,300064,340775,0.1194659232631502,112270,112299,0.0002582391650860494,3590,3948,3474,3804,-401
627.cam4_s-573B.champsimtrace.xz,regularity_stride,raw_stride,1.0991251140040035,1.0994000079486619,0.9997499600303157,181962908,181917410,493903,2127762,0.7678767644125611,155895,675023,0.7690523137730122,1031350,1032707,0.0013140222735006368,4717,8899,2817,5942,-5587
628.pop2_s-17B.champsimtrace.xz,regularity_stride,raw_stride,1.1024613817152769,1.1065955116907,0.9962641001777544,181412252,180734514,1782617,3192643,0.44164850251030263,37122,306584,0.8789173603319156,670706,671113,0.0006064552467319739,6300,17391,5485,12217,-9586
631.deepsjeng_s-928B.champsimtrace.xz,regularity_stride,raw_stride,0.9522087841916926,0.951890076496028,1.0003348156510232,210037971,210108295,133134,1025511,0.8701778918022333,120123,577697,0.7920657368828296,88734,88796,0.0006982296499842278,482,896,143,260,-729
638.imagick_s-10316B.champsimtrace.xz,regularity_stride,raw_stride,2.703370764069764,2.703370764069764,1.0,73981713,73981713,0,6,1.0,0,6,1.0,7827,7827,0.0,0,3,0,3,0
641.leela_s-800B.champsimtrace.xz,regularity_stride,raw_stride,0.9827093905075226,0.9819626570012214,1.000760450003854,203518968,203673734,1171545,4372972,0.7320940998478838,871206,2411840,0.6387795210295873,63415,63487,0.0011340904437129318,3693,4341,2869,3381,-5073
644.nab_s-5853B.champsimtrace.xz,regularity_stride,raw_stride,0.8459749520606087,0.8456559714047184,1.00037719908175,236413619,236502794,21,140828,0.9998508819268895,21,136724,0.9998464058980135,38951,39039,0.0022541561003099897,4,1203,2,834,-18714
648.exchange2_s-1699B.champsimtrace.xz,regularity_stride,raw_stride,1.1797748798416987,1.179692660924957,1.0000696952006782,169523868,169535683,15631609,66974424,0.7666033081523776,1341219,1641562,0.18296171573172382,8,8,0.0,3,3,3,3,0
649.fotonik3d_s-1176B.champsimtrace.xz,regularity_stride,raw_stride,0.36122263804706733,0.3612248903279703,0.9999937648789902,553675163,553671708,146,296,0.5067567567567568,3,7,0.5714285714285714,1777755,1777716,-2.1938262354526117e-05,3,4,3,4,-1
654.roms_s-842B.champsimtrace.xz,regularity_stride,raw_stride,1.6125381760348576,1.6125381760348576,1.0,124028072,124028072,30957,30957,0.0,30957,30957,0.0,28640,28640,0.0,2,2,2,2,0
657.xz_s-3167B.champsimtrace.xz,regularity_stride,raw_stride,1.1952344389590488,1.1945096217002977,1.0006067906407647,167331190,167432725,196066,1936405,0.8987474211231639,129685,705237,0.8161114632385993,209410,210232,0.003909966132653486,3264,7081,720,1614,-6832
