trace,config,instructions,cycles,ipc,l1d_load_misses,prefetch_requested,prefetch_issued,useful_prefetch,useless_prefetch,l2c_prefetch_misses,llc_prefetch_misses,dram_read_requests,dram_write_requests,gate_decisions,gate_suppressed,module_issued
600.perlbench_s-210B.champsimtrace.xz,no_l1d_prefetch,200000000,180585223,1.10751033045489,13261,0,0,0,0,0,0,10026,0,,,
600.perlbench_s-210B.champsimtrace.xz,official_ip_stride,200000000,180514273,1.1079456304266866,11347,125506,80175,716,605,1273,1258,10557,2,,,
600.perlbench_s-210B.champsimtrace.xz,raw_stride,200000000,180514273,1.1079456304266866,11347,125506,80175,716,605,1273,1258,10557,2,28087956,0,80175
600.perlbench_s-210B.champsimtrace.xz,regularity_stride,200000000,180546195,1.1077497368471265,12462,37882,7099,372,337,684,681,10335,0,28087791,24909,7099
602.gcc_s-734B.champsimtrace.xz,no_l1d_prefetch,200000004,424100333,0.47158652903014814,7966218,0,0,0,0,0,0,1895706,20413,,,
602.gcc_s-734B.champsimtrace.xz,official_ip_stride,200000004,240070942,0.8330870963966976,3214283,38258639,11088388,1695049,27231,1601028,1580510,1914945,20439,,,
602.gcc_s-734B.champsimtrace.xz,raw_stride,200000004,240070942,0.8330870963966976,3214283,38258639,11088388,1695049,27231,1601028,1580510,1914945,20439,36200528,0,11088388
602.gcc_s-734B.champsimtrace.xz,regularity_stride,200000004,251039613,0.7966870312216423,3408798,23676795,8932156,1604121,21603,1514858,1497872,1910733,20383,36200439,1066967,8932156
603.bwaves_s-3699B.champsimtrace.xz,no_l1d_prefetch,200000001,145196259,1.377445964361933,10564,0,0,0,0,0,0,21080,17533,,,
603.bwaves_s-3699B.champsimtrace.xz,official_ip_stride,200000001,144711670,1.3820585513248518,565,1012296,341301,3365,7,3368,3368,21084,17540,,,
603.bwaves_s-3699B.champsimtrace.xz,raw_stride,200000001,144711670,1.3820585513248518,565,1012296,341301,3365,7,3368,3368,21084,17540,47034297,0,341301
603.bwaves_s-3699B.champsimtrace.xz,regularity_stride,200000001,145092221,1.3784336584109496,7168,886535,260503,1100,3,1102,1102,21082,17536,47034010,30712,260503
605.mcf_s-665B.champsimtrace.xz,no_l1d_prefetch,200000003,629013227,0.31795834239269505,9011119,0,0,0,0,0,0,2027670,35570,,,
605.mcf_s-665B.champsimtrace.xz,official_ip_stride,200000001,474445990,0.42154429632759677,5326054,10782358,8395986,1320943,18366,1317997,1291407,2035125,35620,,,
605.mcf_s-665B.champsimtrace.xz,raw_stride,200000001,474445990,0.42154429632759677,5326054,10782358,8395986,1320943,18366,1317997,1291407,2035125,35620,63048134,0,8395986
605.mcf_s-665B.champsimtrace.xz,regularity_stride,200000003,488726472,0.40922686708895933,5661815,7199570,5910285,1189939,13456,1200886,1187592,2036101,35813,63049453,1020681,5910285
607.cactuBSSN_s-2421B.champsimtrace.xz,no_l1d_prefetch,200000001,269870440,0.7410963609056257,24499399,0,0,0,0,0,0,1535682,193779,,,
607.cactuBSSN_s-2421B.champsimtrace.xz,official_ip_stride,200000001,269842692,0.7411725680530937,24500843,1390,1380,12,14,26,26,1535445,193784,,,
607.cactuBSSN_s-2421B.champsimtrace.xz,raw_stride,200000001,269842692,0.7411725680530937,24500843,1390,1380,12,14,26,26,1535445,193784,55202389,0,1380
607.cactuBSSN_s-2421B.champsimtrace.xz,regularity_stride,200000001,269870440,0.7410963609056257,24499405,199,199,0,5,5,5,1535687,193779,55206198,413,199
619.lbm_s-4268B.champsimtrace.xz,no_l1d_prefetch,200000003,459222438,0.4355187953599079,16838275,0,0,0,0,0,0,9619048,7199830,,,
619.lbm_s-4268B.champsimtrace.xz,official_ip_stride,200000003,459172848,0.43556583075661304,16823169,46299,7081,597,0,3982,3062,9619049,7199895,,,
619.lbm_s-4268B.champsimtrace.xz,raw_stride,200000003,459172848,0.43556583075661304,16823169,46299,7081,597,0,3982,3062,9619049,7199895,48387163,0,7081
619.lbm_s-4268B.champsimtrace.xz,regularity_stride,200000003,459164823,0.43557344330796005,16826386,50942,7014,535,0,3999,3011,9619047,7199854,48336386,3,7014
620.omnetpp_s-874B.champsimtrace.xz,no_l1d_prefetch,200000002,486955501,0.4107151507463923,4792768,0,0,0,0,0,0,1983886,874126,,,
620.omnetpp_s-874B.champsimtrace.xz,official_ip_stride,200000002,485017587,0.41235618534385227,4744744,1529898,1149390,16352,10760,21740,20686,1991259,874530,,,
620.omnetpp_s-874B.champsimtrace.xz,raw_stride,200000002,485017587,0.41235618534385227,4744744,1529898,1149390,16352,10760,21740,20686,1991259,874530,48739856,0,1149390
620.omnetpp_s-874B.champsimtrace.xz,regularity_stride,200000002,486660364,0.41096423048744524,4784437,47178,45928,2379,1004,2798,2602,1984514,874204,48739673,502630,45928
621.wrf_s-575B.champsimtrace.xz,no_l1d_prefetch,200000001,185219563,1.0797995511953562,7914,0,0,0,0,0,0,5523,0,,,
621.wrf_s-575B.champsimtrace.xz,official_ip_stride,200000001,185220204,1.0797958142838455,6101,25532,4804,366,356,764,764,5921,0,,,
621.wrf_s-575B.champsimtrace.xz,raw_stride,200000001,185220204,1.0797958142838455,6101,25532,4804,366,356,764,764,5921,0,29903229,0,4804
621.wrf_s-575B.champsimtrace.xz,regularity_stride,200000001,185217931,1.0798090655704387,6167,16593,2863,325,325,692,692,5890,0,29903229,787,2863
623.xalancbmk_s-700B.champsimtrace.xz,no_l1d_prefetch,200000002,243454501,0.8215087467206038,16070291,0,0,0,0,0,0,245895,225636,,,
623.xalancbmk_s-700B.champsimtrace.xz,official_ip_stride,200000002,242642537,0.824257792853526,16029917,4006031,656845,37469,208494,26672,10342,250502,226402,,,
623.xalancbmk_s-700B.champsimtrace.xz,raw_stride,200000002,242642537,0.824257792853526,16029917,4006031,656845,37469,208494,26672,10342,250502,226402,57532535,0,656845
623.xalancbmk_s-700B.champsimtrace.xz,regularity_stride,200000002,243215835,0.8223148875154449,16063971,3428427,384479,18306,149229,20665,6970,249042,226210,57528817,112780,384479
625.x264_s-18B.champsimtrace.xz,no_l1d_prefetch,200000003,137828358,1.451080212389964,240836,0,0,0,0,0,0,112203,20921,,,
625.x264_s-18B.champsimtrace.xz,official_ip_stride,200000003,137283425,1.4568401320115665,233509,11722728,340775,4044,636,3948,3804,112299,20931,,,
625.x264_s-18B.champsimtrace.xz,raw_stride,200000003,137283425,1.4568401320115665,233509,11722728,340775,4044,636,3948,3804,112299,20931,39521757,0,340775
625.x264_s-18B.champsimtrace.xz,regularity_stride,200000003,137310482,1.456553061986921,233996,9686022,300064,3643,510,3590,3474,112270,20927,39521766,126164,300064
627.cam4_s-573B.champsimtrace.xz,no_l1d_prefetch,200000002,182040415,1.0986571416023194,753444,0,0,0,0,0,0,1029959,963511,,,
627.cam4_s-573B.champsimtrace.xz,official_ip_stride,200000002,181917410,1.0994000079486619,741979,2127762,675023,11372,4637,8899,5942,1032707,963699,,,
627.cam4_s-573B.champsimtrace.xz,raw_stride,200000002,181917410,1.0994000079486619,741979,2127762,675023,11372,4637,8899,5942,1032707,963699,27208623,0,675023
627.cam4_s-573B.champsimtrace.xz,regularity_stride,200000002,181962908,1.0991251140040035,748088,493903,155895,5785,2198,4717,2817,1031350,963616,27207704,298570,155895
628.pop2_s-17B.champsimtrace.xz,no_l1d_prefetch,200000002,181690239,1.100774610131918,3012715,0,0,0,0,0,0,669978,330859,,,
628.pop2_s-17B.champsimtrace.xz,official_ip_stride,200000002,180734514,1.1065955116907,2972535,3192643,306584,15650,7444,17391,12217,671113,330928,,,
628.pop2_s-17B.champsimtrace.xz,raw_stride,200000002,180734514,1.1065955116907,2972535,3192643,306584,15650,7444,17391,12217,671113,330928,38994153,0,306584
628.pop2_s-17B.champsimtrace.xz,regularity_stride,200000002,181412252,1.1024613817152769,2988042,1782617,37122,6064,1097,6300,5485,670706,330961,38997965,122030,37122
631.deepsjeng_s-928B.champsimtrace.xz,no_l1d_prefetch,200000001,209996268,0.9523978826137995,202575,0,0,0,0,0,0,88630,35438,,,
631.deepsjeng_s-928B.champsimtrace.xz,official_ip_stride,200000001,210108295,0.951890076496028,202767,1025511,577697,1045,5352,896,260,88796,35451,,,
631.deepsjeng_s-928B.champsimtrace.xz,raw_stride,200000001,210108295,0.951890076496028,202767,1025511,577697,1045,5352,896,260,88796,35451,40750660,0,577697
631.deepsjeng_s-928B.champsimtrace.xz,regularity_stride,200000001,210037971,0.9522087841916926,203139,133134,120123,316,2784,482,143,88734,35464,40751579,162711,120123
638.imagick_s-10316B.champsimtrace.xz,no_l1d_prefetch,200000000,73981713,2.703370764069764,4615263,0,0,0,0,0,0,7827,0,,,
638.imagick_s-10316B.champsimtrace.xz,official_ip_stride,200000000,73981713,2.703370764069764,4615263,6,6,0,5,3,3,7827,0,,,
638.imagick_s-10316B.champsimtrace.xz,raw_stride,200000000,73981713,2.703370764069764,4615263,6,6,0,5,3,3,7827,0,34513167,0,6
638.imagick_s-10316B.champsimtrace.xz,regularity_stride,200000000,73981713,2.703370764069764,4615263,0,0,0,0,0,0,7827,0,34513167,2,0
641.leela_s-800B.champsimtrace.xz,no_l1d_prefetch,200000001,203754197,0.9815748776944212,245524,0,0,0,0,0,0,62894,14515,,,
641.leela_s-800B.champsimtrace.xz,official_ip_stride,200000001,203673734,0.9819626570012214,238591,4372972,2411840,17409,9123,4341,3381,63487,14752,,,
641.leela_s-800B.champsimtrace.xz,raw_stride,200000001,203673734,0.9819626570012214,238591,4372972,2411840,17409,9123,4341,3381,63487,14752,43077553,0,2411840
641.leela_s-800B.champsimtrace.xz,regularity_stride,200000001,203518968,0.9827093905075226,242382,1171545,871206,12336,8988,3693,2869,63415,14714,43079527,654835,871206
644.nab_s-5853B.champsimtrace.xz,no_l1d_prefetch,200000000,236413619,0.8459749520606087,495810,0,0,0,0,0,0,38949,643,,,
644.nab_s-5853B.champsimtrace.xz,official_ip_stride,200000000,236502794,0.8456559714047184,492535,140828,136724,18714,10801,1203,834,39039,645,,,
644.nab_s-5853B.champsimtrace.xz,raw_stride,200000000,236502794,0.8456559714047184,492535,140828,136724,18714,10801,1203,834,39039,645,49157298,0,136724
644.nab_s-5853B.champsimtrace.xz,regularity_stride,200000000,236413619,0.8459749520606087,495813,21,21,0,14,4,2,38951,643,49157172,60069,21
648.exchange2_s-1699B.champsimtrace.xz,no_l1d_prefetch,200000001,169390539,1.180703492536853,1,0,0,0,0,0,0,5,0,,,
648.exchange2_s-1699B.champsimtrace.xz,official_ip_stride,200000001,169535683,1.179692660924957,1,66974424,1641562,0,0,3,3,8,0,,,
648.exchange2_s-1699B.champsimtrace.xz,raw_stride,200000001,169535683,1.179692660924957,1,66974424,1641562,0,0,3,3,8,0,35269874,0,1641562
648.exchange2_s-1699B.champsimtrace.xz,regularity_stride,200000001,169523868,1.1797748798416987,1,15631609,1341219,0,0,3,3,8,0,35270444,1053987,1341219
649.fotonik3d_s-1176B.champsimtrace.xz,no_l1d_prefetch,200000000,553692454,0.3612113521778283,13198901,0,0,0,0,0,0,1777716,1753230,,,
649.fotonik3d_s-1176B.champsimtrace.xz,official_ip_stride,200000002,553671708,0.3612248903279703,13198961,296,7,4,0,4,4,1777716,1753228,,,
649.fotonik3d_s-1176B.champsimtrace.xz,raw_stride,200000002,553671708,0.3612248903279703,13198961,296,7,4,0,4,4,1777716,1753228,70153780,0,7
649.fotonik3d_s-1176B.champsimtrace.xz,regularity_stride,200000003,553675163,0.36122263804706733,13199056,146,3,3,0,3,3,1777755,1753228,70153778,7,3
654.roms_s-842B.champsimtrace.xz,no_l1d_prefetch,200000001,124028072,1.6125381760348576,45845,0,0,0,0,0,0,28638,2906,,,
654.roms_s-842B.champsimtrace.xz,official_ip_stride,200000001,124028072,1.6125381760348576,45845,30957,30957,0,34,2,2,28640,2912,,,
654.roms_s-842B.champsimtrace.xz,raw_stride,200000001,124028072,1.6125381760348576,45845,30957,30957,0,34,2,2,28640,2912,26871160,0,30957
654.roms_s-842B.champsimtrace.xz,regularity_stride,200000001,124028072,1.6125381760348576,45845,30957,30957,0,23,2,2,28640,2907,26871160,0,30957
657.xz_s-3167B.champsimtrace.xz,no_l1d_prefetch,200000001,167363874,1.1950010251316243,712248,0,0,0,0,0,0,208904,160822,,,
657.xz_s-3167B.champsimtrace.xz,official_ip_stride,200000001,167432725,1.1945096217002977,706747,1936405,705237,11801,17531,7081,1614,210232,161235,,,
657.xz_s-3167B.champsimtrace.xz,raw_stride,200000001,167432725,1.1945096217002977,706747,1936405,705237,11801,17531,7081,1614,210232,161235,43056461,0,705237
657.xz_s-3167B.champsimtrace.xz,regularity_stride,200000001,167331190,1.1952344389590488,706766,196066,129685,4969,6113,3264,720,209410,160986,43056678,236919,129685
