label,seed,workload,config,cycles,hit_rate,ipc,mem_cycles,prefetch_issued,prefetch_used
l1_16,0,sequential_read,baseline,13750,0.875,0.14545454545454545,11750,0,0
l1_16,0,sequential_read,stride,4039,0.9995,0.49517207229512256,2039,250,249
l1_16,0,sequential_read,nn,4117,0.9985,0.48579062424095215,2117,248,247
l1_16,0,strided_read,baseline,82000,0.0,0.024390243902439025,80000,0,0
l1_16,0,strided_read,stride,4117,0.9985,0.48579062424095215,2117,1998,1997
l1_16,0,strided_read,nn,7549,0.9545,0.26493575307987816,5549,1910,1909
l1_16,0,random_read,baseline,78568,0.044,0.025455656246818042,76568,0,0
l1_16,0,random_read,stride,78022,0.051,0.025633795596113916,76022,1929,51
l1_16,0,random_read,nn,78568,0.044,0.025455656246818042,76568,7,0
l1_16,0,mixed_read_write,baseline,43984,0.5,0.045471080392870136,41984,0,0
l1_16,0,mixed_read_write,stride,5062,0.999,0.3951007506914263,3062,999,998
l1_16,0,mixed_read_write,nn,6466,0.981,0.30931023816888337,4466,963,962
l1_16,1,sequential_read,baseline,13750,0.875,0.14545454545454545,11750,0,0
l1_16,1,sequential_read,stride,4039,0.9995,0.49517207229512256,2039,250,249
l1_16,1,sequential_read,nn,4117,0.9985,0.48579062424095215,2117,248,247
l1_16,1,strided_read,baseline,82000,0.0,0.024390243902439025,80000,0,0
l1_16,1,strided_read,stride,4117,0.9985,0.48579062424095215,2117,1998,1997
l1_16,1,strided_read,nn,9304,0.932,0.21496130696474636,7304,1865,1864
l1_16,1,random_read,baseline,78568,0.044,0.025455656246818042,76568,0,0
l1_16,1,random_read,stride,78022,0.051,0.025633795596113916,76022,1929,51
l1_16,1,random_read,nn,78568,0.044,0.025455656246818042,76568,7,0
l1_16,1,mixed_read_write,baseline,43984,0.5,0.045471080392870136,41984,0,0
l1_16,1,mixed_read_write,stride,5062,0.999,0.3951007506914263,3062,999,998
l1_16,1,mixed_read_write,nn,7285,0.9705,0.27453671928620454,5285,942,941
l1_64,0,sequential_read,baseline,13750,0.875,0.14545454545454545,11750,0,0
l1_64,0,sequential_read,stride,4039,0.9995,0.49517207229512256,2039,250,249
l1_64,0,sequential_read,nn,4117,0.9985,0.48579062424095215,2117,248,247
l1_64,0,strided_read,baseline,82000,0.0,0.024390243902439025,80000,0,0
l1_64,0,strided_read,stride,4117,0.9985,0.48579062424095215,2117,1998,1997
l1_64,0,strided_read,nn,7549,0.9545,0.26493575307987816,5549,1910,1909
l1_64,0,random_read,baseline,65386,0.213,0.030587587556969383,63386,0,0
l1_64,0,random_read,stride,68818,0.169,0.029062163968729113,66818,1748,129
l1_64,0,random_read,nn,65425,0.2125,0.030569354222392053,63425,7,0
l1_64,0,mixed_read_write,baseline,43984,0.5,0.045471080392870136,41984,0,0
l1_64,0,mixed_read_write,stride,5062,0.999,0.3951007506914263,3062,999,998
l1_64,0,mixed_read_write,nn,6466,0.981,0.30931023816888337,4466,963,962
l1_64,1,sequential_read,baseline,13750,0.875,0.14545454545454545,11750,0,0
l1_64,1,sequential_read,stride,4039,0.9995,0.49517207229512256,2039,250,249
l1_64,1,sequential_read,nn,4117,0.9985,0.48579062424095215,2117,248,247
l1_64,1,strided_read,baseline,82000,0.0,0.024390243902439025,80000,0,0
l1_64,1,strided_read,stride,4117,0.9985,0.48579062424095215,2117,1998,1997
l1_64,1,strided_read,nn,9304,0.932,0.21496130696474636,7304,1865,1864
l1_64,1,random_read,baseline,65386,0.213,0.030587587556969383,63386,0,0
l1_64,1,random_read,stride,68818,0.169,0.029062163968729113,66818,1748,129
l1_64,1,random_read,nn,65425,0.2125,0.030569354222392053,63425,7,0
l1_64,1,mixed_read_write,baseline,43984,0.5,0.045471080392870136,41984,0,0
l1_64,1,mixed_read_write,stride,5062,0.999,0.3951007506914263,3062,999,998
l1_64,1,mixed_read_write,nn,7285,0.9705,0.27453671928620454,5285,942,941
l1_32_lat20,0,sequential_read,baseline,8750,0.875,0.22857142857142856,6750,0,0
l1_32_lat20,0,sequential_read,stride,4019,0.9995,0.49763622791739237,2019,250,249
l1_32_lat20,0,sequential_read,nn,4057,0.9985,0.49297510475720974,2057,248,247
l1_32_lat20,0,strided_read,baseline,42000,0.0,0.047619047619047616,40000,0,0
l1_32_lat20,0,strided_read,stride,4057,0.9985,0.49297510475720974,2057,1998,1997
l1_32_lat20,0,strided_read,nn,5729,0.9545,0.34910106475824754,3729,1910,1909
l1_32_lat20,0,random_read,baseline,38143,0.1015,0.052434260545840654,36143,0,0
l1_32_lat20,0,random_read,stride,38884,0.082,0.05143503754757741,36884,1865,76
l1_32_lat20,0,random_read,nn,38143,0.1015,0.052434260545840654,36143,7,0
l1_32_lat20,0,mixed_read_write,baseline,23984,0.5,0.08338892595063375,21984,0,0
l1_32_lat20,0,mixed_read_write,stride,5022,0.999,0.39824771007566706,3022,999,998
l1_32_lat20,0,mixed_read_write,nn,5706,0.981,0.3505082369435682,3706,963,962
l1_32_lat20,1,sequential_read,baseline,8750,0.875,0.22857142857142856,6750,0,0
l1_32_lat20,1,sequential_read,stride,4019,0.9995,0.49763622791739237,2019,250,249
l1_32_lat20,1,sequential_read,nn,4057,0.9985,0.49297510475720974,2057,248,247
l1_32_lat20,1,strided_read,baseline,42000,0.0,0.047619047619047616,40000,0,0
l1_32_lat20,1,strided_read,stride,4057,0.9985,0.49297510475720974,2057,1998,1997
l1_32_lat20,1,strided_read,nn,6584,0.932,0.3037667071688943,4584,1865,1864
l1_32_lat20,1,random_read,baseline,38143,0.1015,0.052434260545840654,36143,0,0
l1_32_lat20,1,random_read,stride,38884,0.082,0.05143503754757741,36884,1865,76
l1_32_lat20,1,random_read,nn,38143,0.1015,0.052434260545840654,36143,7,0
l1_32_lat20,1,mixed_read_write,baseline,23984,0.5,0.08338892595063375,21984,0,0
l1_32_lat20,1,mixed_read_write,stride,5022,0.999,0.39824771007566706,3022,999,998
l1_32_lat20,1,mixed_read_write,nn,6105,0.9705,0.3276003276003276,4105,942,941
l1_32_lat80,0,sequential_read,baseline,23750,0.875,0.08421052631578947,21750,0,0
l1_32_lat80,0,sequential_read,stride,4079,0.9995,0.49031625398381956,2079,250,249
l1_32_lat80,0,sequential_read,nn,4237,0.9985,0.47203209818267644,2237,248,247
l1_32_lat80,0,strided_read,baseline,162000,0.0,0.012345679012345678,160000,0,0
l1_32_lat80,0,strided_read,stride,4237,0.9985,0.47203209818267644,2237,1998,1997
l1_32_lat80,0,strided_read,nn,11189,0.9545,0.178746983644651,9189,1910,1909
l1_32_lat80,0,random_read,baseline,145963,0.1015,0.013702102587642073,143963,0,0
l1_32_lat80,0,random_read,stride,149044,0.082,0.013418856176699499,147044,1865,76
l1_32_lat80,0,random_read,nn,145963,0.1015,0.013702102587642073,143963,7,0
l1_32_lat80,0,mixed_read_write,baseline,83984,0.5,0.02381405982091827,81984,0,0
l1_32_lat80,0,mixed_read_write,stride,5142,0.999,0.38895371450797356,3142,999,998
l1_32_lat80,0,mixed_read_write,nn,7986,0.981,0.25043826696719257,5986,963,962
l1_32_lat80,1,sequential_read,baseline,23750,0.875,0.08421052631578947,21750,0,0
l1_32_lat80,1,sequential_read,stride,4079,0.9995,0.49031625398381956,2079,250,249
l1_32_lat80,1,sequential_read,nn,4237,0.9985,0.47203209818267644,2237,248,247
l1_32_lat80,1,strided_read,baseline,162000,0.0,0.012345679012345678,160000,0,0
l1_32_lat80,1,strided_read,stride,4237,0.9985,0.47203209818267644,2237,1998,1997
l1_32_lat80,1,strided_read,nn,14744,0.932,0.13564839934888767,12744,1865,1864
l1_32_lat80,1,random_read,baseline,145963,0.1015,0.013702102587642073,143963,0,0
l1_32_lat80,1,random_read,stride,149044,0.082,0.013418856176699499,147044,1865,76
l1_32_lat80,1,random_read,nn,145963,0.1015,0.013702102587642073,143963,7,0
l1_32_lat80,1,mixed_read_write,baseline,83984,0.5,0.02381405982091827,81984,0,0
l1_32_lat80,1,mixed_read_write,stride,5142,0.999,0.38895371450797356,3142,999,998
l1_32_lat80,1,mixed_read_write,nn,9645,0.9705,0.20736132711249353,7645,942,941
line_4,0,sequential_read,baseline,23500,0.75,0.0851063829787234,21500,0,0
line_4,0,sequential_read,stride,4039,0.9995,0.49517207229512256,2039,500,499
line_4,0,sequential_read,nn,4195,0.9975,0.4767580452920143,2195,496,495
line_4,0,strided_read,baseline,82000,0.0,0.024390243902439025,80000,0,0
line_4,0,strided_read,stride,4117,0.9985,0.48579062424095215,2117,1998,1997
line_4,0,strided_read,nn,7627,0.9535,0.2622263012980202,5627,1997,1907
line_4,0,random_read,baseline,78568,0.044,0.025455656246818042,76568,0,0
line_4,0,random_read,stride,79231,0.0355,0.025242644924335172,77231,1939,30
line_4,0,random_read,nn,78568,0.044,0.025455656246818042,76568,7,0
line_4,0,mixed_read_write,baseline,43984,0.5,0.045471080392870136,41984,0,0
line_4,0,mixed_read_write,stride,5062,0.999,0.3951007506914263,3062,999,998
line_4,0,mixed_read_write,nn,6466,0.981,0.30931023816888337,4466,1045,962
line_4,1,sequential_read,baseline,23500,0.75,0.0851063829787234,21500,0,0
line_4,1,sequential_read,stride,4039,0.9995,0.49517207229512256,2039,500,499
line_4,1,sequential_read,nn,4312,0.996,0.46382189239332094,2312,493,492
line_4,1,strided_read,baseline,82000,0.0,0.024390243902439025,80000,0,0
line_4,1,strided_read,stride,4117,0.9985,0.48579062424095215,2117,1998,1997
line_4,1,strided_read,nn,9655,0.9275,0.20714655618850336,7655,1971,1855
line_4,1,random_read,baseline,78568,0.044,0.025455656246818042,76568,0,0
line_4,1,random_read,stride,79231,0.0355,0.025242644924335172,77231,1939,30
line_4,1,random_read,nn,78568,0.044,0.025455656246818042,76568,7,0
line_4,1,mixed_read_write,baseline,43984,0.5,0.045471080392870136,41984,0,0
line_4,1,mixed_read_write,stride,5062,0.999,0.3951007506914263,3062,999,998
line_4,1,mixed_read_write,nn,7285,0.9705,0.27453671928620454,5285,972,941
line_16,0,sequential_read,baseline,8875,0.9375,0.22535211267605634,6875,0,0
line_16,0,sequential_read,stride,4039,0.9995,0.49517207229512256,2039,125,124
line_16,0,sequential_read,nn,4039,0.9995,0.49517207229512256,2039,125,124
line_16,0,strided_read,baseline,43000,0.5,0.046511627906976744,41000,0,0
line_16,0,strided_read,stride,4078,0.999,0.4904364884747425,2078,999,998
line_16,0,strided_read,nn,5755,0.9775,0.3475238922675934,3755,956,955
line_16,0,random_read,baseline,65464,0.212,0.030551142612733718,63464,0,0
line_16,0,random_read,stride,66946,0.193,0.029874824485406147,64946,1730,168
line_16,0,random_read,nn,65464,0.212,0.030551142612733718,63464,7,0
line_16,0,mixed_read_write,baseline,24484,0.75,0.08168599901976802,22484,0,0
line_16,0,mixed_read_write,stride,5023,0.9995,0.3981684252438782,3023,500,499
line_16,0,mixed_read_write,nn,5686,0.991,0.35174111853675694,3686,483,482
line_16,1,sequential_read,baseline,8875,0.9375,0.22535211267605634,6875,0,0
line_16,1,sequential_read,stride,4039,0.9995,0.49517207229512256,2039,125,124
line_16,1,sequential_read,nn,4078,0.999,0.4904364884747425,2078,124,123
line_16,1,strided_read,baseline,43000,0.5,0.046511627906976744,41000,0,0
line_16,1,strided_read,stride,4078,0.999,0.4904364884747425,2078,999,998
line_16,1,strided_read,nn,6691,0.9655,0.2989089822149156,4691,932,931
line_16,1,random_read,baseline,65464,0.212,0.030551142612733718,63464,0,0
line_16,1,random_read,stride,66946,0.193,0.029874824485406147,64946,1730,168
line_16,1,random_read,nn,65464,0.212,0.030551142612733718,63464,7,0
line_16,1,mixed_read_write,baseline,24484,0.75,0.08168599901976802,22484,0,0
line_16,1,mixed_read_write,stride,5023,0.9995,0.3981684252438782,3023,500,499
line_16,1,mixed_read_write,nn,6115,0.9855,0.3270645952575634,4115,472,471
